<annotation>
	<folder>Indoor_mapping</folder>
	<filename>img107.jpg</filename>
	<path>C:\Users\Lenovo\Downloads\Indoor_mapping\img107.jpg</path>
	<source>
		<database>Unknown</database>
	</source>
	<size>
		<width>1600</width>
		<height>1200</height>
		<depth>3</depth>
	</size>
	<segmented>0</segmented>
	<object>
		<name>checkpoint_5</name>
		<pose>Unspecified</pose>
		<truncated>0</truncated>
		<difficult>0</difficult>
		<bndbox>
			<xmin>497</xmin>
			<ymin>489</ymin>
			<xmax>803</xmax>
			<ymax>702</ymax>
		</bndbox>
	</object>
</annotation>
