<annotation>
	<folder>Indoor_mapping</folder>
	<filename>img15.jpg</filename>
	<path>C:\Users\Lenovo\Downloads\Indoor_mapping\img15.jpg</path>
	<source>
		<database>Unknown</database>
	</source>
	<size>
		<width>960</width>
		<height>1280</height>
		<depth>3</depth>
	</size>
	<segmented>0</segmented>
	<object>
		<name>checkpoint_2</name>
		<pose>Unspecified</pose>
		<truncated>1</truncated>
		<difficult>0</difficult>
		<bndbox>
			<xmin>266</xmin>
			<ymin>279</ymin>
			<xmax>960</xmax>
			<ymax>583</ymax>
		</bndbox>
	</object>
</annotation>
