<annotation>
	<folder>Indoor_mapping</folder>
	<filename>img116.jpg</filename>
	<path>C:\Users\Lenovo\Downloads\Indoor_mapping\img116.jpg</path>
	<source>
		<database>Unknown</database>
	</source>
	<size>
		<width>1600</width>
		<height>1200</height>
		<depth>3</depth>
	</size>
	<segmented>0</segmented>
	<object>
		<name>checkpoint_5</name>
		<pose>Unspecified</pose>
		<truncated>0</truncated>
		<difficult>0</difficult>
		<bndbox>
			<xmin>623</xmin>
			<ymin>501</ymin>
			<xmax>914</xmax>
			<ymax>775</ymax>
		</bndbox>
	</object>
</annotation>
