<annotation>
	<folder>Indoor_mapping</folder>
	<filename>img101.jpg</filename>
	<path>C:\Users\Lenovo\Downloads\Indoor_mapping\img101.jpg</path>
	<source>
		<database>Unknown</database>
	</source>
	<size>
		<width>1200</width>
		<height>1600</height>
		<depth>3</depth>
	</size>
	<segmented>0</segmented>
	<object>
		<name>checkpoint_5</name>
		<pose>Unspecified</pose>
		<truncated>0</truncated>
		<difficult>0</difficult>
		<bndbox>
			<xmin>209</xmin>
			<ymin>258</ymin>
			<xmax>1115</xmax>
			<ymax>980</ymax>
		</bndbox>
	</object>
</annotation>
