<annotation>
	<folder>Indoor_mapping</folder>
	<filename>img119.jpg</filename>
	<path>C:\Users\Lenovo\Downloads\Indoor_mapping\img119.jpg</path>
	<source>
		<database>Unknown</database>
	</source>
	<size>
		<width>1600</width>
		<height>1200</height>
		<depth>3</depth>
	</size>
	<segmented>0</segmented>
	<object>
		<name>checkpoint_5</name>
		<pose>Unspecified</pose>
		<truncated>0</truncated>
		<difficult>0</difficult>
		<bndbox>
			<xmin>613</xmin>
			<ymin>514</ymin>
			<xmax>933</xmax>
			<ymax>764</ymax>
		</bndbox>
	</object>
</annotation>
