<annotation>
	<folder>Indoor_mapping</folder>
	<filename>img12.jpg</filename>
	<path>C:\Users\Lenovo\Downloads\Indoor_mapping\img12.jpg</path>
	<source>
		<database>Unknown</database>
	</source>
	<size>
		<width>960</width>
		<height>1280</height>
		<depth>3</depth>
	</size>
	<segmented>0</segmented>
	<object>
		<name>checkpoint_3</name>
		<pose>Unspecified</pose>
		<truncated>0</truncated>
		<difficult>0</difficult>
		<bndbox>
			<xmin>233</xmin>
			<ymin>372</ymin>
			<xmax>606</xmax>
			<ymax>867</ymax>
		</bndbox>
	</object>
</annotation>
