<annotation>
	<folder>Indoor_mapping</folder>
	<filename>img2.jpg</filename>
	<path>C:\Users\Lenovo\Downloads\Indoor_mapping\img2.jpg</path>
	<source>
		<database>Unknown</database>
	</source>
	<size>
		<width>4032</width>
		<height>2268</height>
		<depth>3</depth>
	</size>
	<segmented>0</segmented>
	<object>
		<name>checkpoint_6</name>
		<pose>Unspecified</pose>
		<truncated>1</truncated>
		<difficult>0</difficult>
		<bndbox>
			<xmin>1062</xmin>
			<ymin>20</ymin>
			<xmax>2631</xmax>
			<ymax>2268</ymax>
		</bndbox>
	</object>
</annotation>
