<annotation>
	<folder>Indoor_mapping</folder>
	<filename>img28.jpg</filename>
	<path>C:\Users\Lenovo\Downloads\Indoor_mapping\img28.jpg</path>
	<source>
		<database>Unknown</database>
	</source>
	<size>
		<width>1280</width>
		<height>960</height>
		<depth>3</depth>
	</size>
	<segmented>0</segmented>
	<object>
		<name>checkpoint_2</name>
		<pose>Unspecified</pose>
		<truncated>0</truncated>
		<difficult>0</difficult>
		<bndbox>
			<xmin>284</xmin>
			<ymin>193</ymin>
			<xmax>949</xmax>
			<ymax>518</ymax>
		</bndbox>
	</object>
</annotation>
