<annotation>
	<folder>Indoor_mapping</folder>
	<filename>img33.jpg</filename>
	<path>C:\Users\Lenovo\Downloads\Indoor_mapping\img33.jpg</path>
	<source>
		<database>Unknown</database>
	</source>
	<size>
		<width>1280</width>
		<height>960</height>
		<depth>3</depth>
	</size>
	<segmented>0</segmented>
	<object>
		<name>checkpoint_1</name>
		<pose>Unspecified</pose>
		<truncated>0</truncated>
		<difficult>0</difficult>
		<bndbox>
			<xmin>185</xmin>
			<ymin>166</ymin>
			<xmax>1048</xmax>
			<ymax>751</ymax>
		</bndbox>
	</object>
</annotation>
