<annotation>
	<folder>Indoor_mapping</folder>
	<filename>img47.jpg</filename>
	<path>C:\Users\Lenovo\Downloads\Indoor_mapping\img47.jpg</path>
	<source>
		<database>Unknown</database>
	</source>
	<size>
		<width>1280</width>
		<height>960</height>
		<depth>3</depth>
	</size>
	<segmented>0</segmented>
	<object>
		<name>checkpoint_1</name>
		<pose>Unspecified</pose>
		<truncated>0</truncated>
		<difficult>0</difficult>
		<bndbox>
			<xmin>276</xmin>
			<ymin>129</ymin>
			<xmax>885</xmax>
			<ymax>717</ymax>
		</bndbox>
	</object>
</annotation>
