<annotation>
	<folder>Indoor_mapping</folder>
	<filename>img44.jpg</filename>
	<path>C:\Users\Lenovo\Downloads\Indoor_mapping\img44.jpg</path>
	<source>
		<database>Unknown</database>
	</source>
	<size>
		<width>1280</width>
		<height>960</height>
		<depth>3</depth>
	</size>
	<segmented>0</segmented>
	<object>
		<name>checkpoint_1</name>
		<pose>Unspecified</pose>
		<truncated>0</truncated>
		<difficult>0</difficult>
		<bndbox>
			<xmin>167</xmin>
			<ymin>132</ymin>
			<xmax>1178</xmax>
			<ymax>798</ymax>
		</bndbox>
	</object>
</annotation>
