<annotation>
	<folder>Indoor_mapping</folder>
	<filename>img52.jpg</filename>
	<path>C:\Users\Lenovo\Downloads\Indoor_mapping\img52.jpg</path>
	<source>
		<database>Unknown</database>
	</source>
	<size>
		<width>591</width>
		<height>1280</height>
		<depth>3</depth>
	</size>
	<segmented>0</segmented>
	<object>
		<name>final</name>
		<pose>Unspecified</pose>
		<truncated>0</truncated>
		<difficult>0</difficult>
		<bndbox>
			<xmin>85</xmin>
			<ymin>451</ymin>
			<xmax>444</xmax>
			<ymax>624</ymax>
		</bndbox>
	</object>
</annotation>
