<annotation>
	<folder>Indoor_mapping</folder>
	<filename>img6.jpg</filename>
	<path>C:\Users\Lenovo\Downloads\Indoor_mapping\img6.jpg</path>
	<source>
		<database>Unknown</database>
	</source>
	<size>
		<width>960</width>
		<height>1280</height>
		<depth>3</depth>
	</size>
	<segmented>0</segmented>
	<object>
		<name>checkpoint_3</name>
		<pose>Unspecified</pose>
		<truncated>0</truncated>
		<difficult>0</difficult>
		<bndbox>
			<xmin>87</xmin>
			<ymin>329</ymin>
			<xmax>654</xmax>
			<ymax>1073</ymax>
		</bndbox>
	</object>
</annotation>
