<annotation>
	<folder>Indoor_mapping</folder>
	<filename>img77.jpg</filename>
	<path>C:\Users\Lenovo\Downloads\Indoor_mapping\img77.jpg</path>
	<source>
		<database>Unknown</database>
	</source>
	<size>
		<width>591</width>
		<height>1280</height>
		<depth>3</depth>
	</size>
	<segmented>0</segmented>
	<object>
		<name>checkpoint_3</name>
		<pose>Unspecified</pose>
		<truncated>0</truncated>
		<difficult>0</difficult>
		<bndbox>
			<xmin>226</xmin>
			<ymin>540</ymin>
			<xmax>390</xmax>
			<ymax>719</ymax>
		</bndbox>
	</object>
</annotation>
