<annotation>
	<folder>Indoor_mapping</folder>
	<filename>img72.jpg</filename>
	<path>C:\Users\Lenovo\Downloads\Indoor_mapping\img72.jpg</path>
	<source>
		<database>Unknown</database>
	</source>
	<size>
		<width>591</width>
		<height>1280</height>
		<depth>3</depth>
	</size>
	<segmented>0</segmented>
	<object>
		<name>checkpoint_4</name>
		<pose>Unspecified</pose>
		<truncated>0</truncated>
		<difficult>0</difficult>
		<bndbox>
			<xmin>116</xmin>
			<ymin>288</ymin>
			<xmax>265</xmax>
			<ymax>577</ymax>
		</bndbox>
	</object>
</annotation>
