<annotation>
	<folder>Indoor_mapping</folder>
	<filename>img88.jpg</filename>
	<path>C:\Users\Lenovo\Downloads\Indoor_mapping\img88.jpg</path>
	<source>
		<database>Unknown</database>
	</source>
	<size>
		<width>1200</width>
		<height>1600</height>
		<depth>3</depth>
	</size>
	<segmented>0</segmented>
	<object>
		<name>final</name>
		<pose>Unspecified</pose>
		<truncated>0</truncated>
		<difficult>0</difficult>
		<bndbox>
			<xmin>30</xmin>
			<ymin>210</ymin>
			<xmax>1130</xmax>
			<ymax>738</ymax>
		</bndbox>
	</object>
</annotation>
