filename,width,height,class,xmin,ymin,xmax,ymax
img109.jpg,4032,2268,checkpoint_6,1064,6,2742,2267
img65.jpg,4032,2268,checkpoint_6,998,20,2628,2268
img54.jpg,4032,2268,checkpoint_6,1106,9,2776,2268
img52.jpg,591,1280,final,85,451,444,624
img125.jpg,1200,1600,checkpoint_4,67,203,862,1557
img116.jpg,1600,1200,checkpoint_5,623,501,914,775
img74.jpg,591,1280,checkpoint_3,76,481,544,928
img101.jpg,1200,1600,checkpoint_5,209,258,1115,980
img100.jpg,1200,1600,checkpoint_5,144,278,1099,943
img33.jpg,1280,960,checkpoint_1,185,166,1048,751
img72.jpg,591,1280,checkpoint_4,116,288,265,577
img87.jpg,4032,2268,checkpoint_6,1120,9,2787,2268
img88.jpg,1200,1600,final,30,210,1130,738
img122.jpg,1600,1200,checkpoint_5,512,541,842,771
img134.jpg,1200,1600,checkpoint_4,224,120,869,1538
img4.jpg,1200,1600,checkpoint_3,257,433,982,962
img136.jpg,1200,1600,checkpoint_4,267,113,887,1600
img128.jpg,1200,1600,checkpoint_4,160,60,1135,1507
img21.jpg,960,1280,checkpoint_2,126,407,705,817
img132.jpg,1200,1600,checkpoint_4,220,53,1104,1528
img76.jpg,4032,2268,checkpoint_6,1056,25,2862,2267
img115.jpg,1600,1200,checkpoint_5,616,514,899,741
img5.jpg,960,1280,checkpoint_3,61,295,710,981
img48.jpg,1280,960,checkpoint_1,295,238,943,675
img43.jpg,1280,960,checkpoint_1,240,205,955,660
img93.jpg,1200,1600,final,244,390,782,680
img119.jpg,1600,1200,checkpoint_5,613,514,933,764
img53.jpg,591,1280,checkpoint_6,5,165,429,867
img96.jpg,1200,1600,final,187,407,804,705
img107.jpg,1600,1200,checkpoint_5,497,489,803,702
img70.jpg,591,1280,checkpoint_4,2,356,154,628
img81.jpg,591,1280,checkpoint_2,209,283,544,428
img111.jpg,1600,1200,checkpoint_5,603,499,914,721
img105.jpg,1600,1200,checkpoint_5,471,512,827,717
img29.jpg,1280,960,checkpoint_2,316,250,926,561
img20.jpg,1280,960,checkpoint_2,275,346,564,530
img78.jpg,591,1280,checkpoint_3,109,485,530,920
img24.jpg,4032,2268,checkpoint_6,1162,3,2701,2268
img133.jpg,1200,1600,checkpoint_4,220,43,1074,1522
img121.jpg,1600,1200,checkpoint_5,511,549,854,802
img139.jpg,1200,1600,checkpoint_3,422,413,914,1077
img98.jpg,4032,2268,checkpoint_6,912,11,3095,2253
img7.jpg,960,1280,checkpoint_3,219,395,614,904
img130.jpg,1200,1600,checkpoint_4,210,43,1097,1478
img90.jpg,1200,1600,final,52,247,1142,805
img89.jpg,1200,1600,final,62,247,1085,720
img27.jpg,1280,960,checkpoint_2,389,202,984,528
img47.jpg,1280,960,checkpoint_1,276,129,885,717
img95.jpg,1200,1600,final,254,412,772,690
img41.jpg,1280,960,checkpoint_1,279,249,935,648
img44.jpg,1280,960,checkpoint_1,167,132,1178,798
img18.jpg,960,1280,checkpoint_2,67,367,799,748
img104.jpg,1200,1600,checkpoint_5,50,325,1114,1013
img71.jpg,591,1280,checkpoint_4,356,240,537,552
img28.jpg,1280,960,checkpoint_2,284,193,949,518
img64.jpg,591,1280,checkpoint_4,284,304,572,871
img2.jpg,4032,2268,checkpoint_6,1062,20,2631,2268
img46.jpg,4032,2268,checkpoint_6,1095,11,2578,2267
img51.jpg,591,1280,final,165,429,396,553
img22.jpg,1280,960,checkpoint_2,279,340,611,534
img117.jpg,1600,1200,checkpoint_5,612,520,912,755
img68.jpg,591,1280,checkpoint_4,229,296,591,911
img135.jpg,1200,1600,checkpoint_4,282,107,862,1557
img31.jpg,1280,960,checkpoint_1,166,228,791,871
img45.jpg,1280,960,checkpoint_1,271,226,935,651
img126.jpg,1200,1600,checkpoint_4,149,198,790,1598
img83.jpg,591,1280,checkpoint_2,276,266,577,409
img114.jpg,1600,1200,checkpoint_5,611,521,909,745
img14.jpg,960,1280,checkpoint_3,235,379,593,839
img8.jpg,960,1280,checkpoint_3,245,381,657,864
img113.jpg,1600,1200,checkpoint_5,623,516,921,752
img25.jpg,1280,960,checkpoint_2,228,324,583,546
img6.jpg,960,1280,checkpoint_3,87,329,654,1073
img77.jpg,591,1280,checkpoint_3,226,540,390,719
img38.jpg,1280,960,checkpoint_1,327,236,1068,865
img103.jpg,1200,1600,checkpoint_5,75,285,1099,947
img40.jpg,1280,960,checkpoint_1,288,223,1062,848
img91.jpg,1200,1600,final,40,255,1134,808
img15.jpg,960,1280,checkpoint_2,266,279,960,583
img30.jpg,1280,960,checkpoint_1,176,245,766,894
img86.jpg,1200,1600,final,79,238,1100,727
img23.jpg,1280,960,checkpoint_2,264,341,577,529
img118.jpg,1600,1200,checkpoint_5,627,525,907,745
img12.jpg,960,1280,checkpoint_3,233,372,606,867
img37.jpg,1280,960,checkpoint_1,322,247,1066,862
